Workbook

Sheet BASED DATA
A1: PT.HARI-HARI CERAH
A2: Daftar Gaji dan Tunjangan Karyawan
A3: Bulan Oktober 2024
A7: 1 | B7: 2 | C7: 3 | D7: 4 | E7: 5 | F7: 6 | G7: 7 | H7: 8 | I7: 9 | J7: 10 | K7: 11 | L7: 12 | M7: 13 | N7: 14 | O7: 15 | P7: 16 | Q7: 17 | R7: 18 | S7: 19
A8: NO | B8: NPK | C8: NAMA KARYAWAN | D8: STATUS | E8: JABATAN | F8: TANGGAL BERGABUNG | G8: MASA LAMA BEKERJA | H8: GAJI POKOK | I8: TRANSPORTASI | J8: TUNJANGAN TRANSPORTASI | K8: TUNJANGAN KONSUMSI | L8: BONUS | M8: TUNJANGAN JABATAN | N8: TUNJANGAN BPJS | O8: THR | P8: LEMBUR | Q8: PENERIMAAN LAINNYA | R8: JUMLAH GAJI KOTOR/BULAN | S8: JUMLAH GAJI KOTOR/TAHUN
A9: 1 | B9: MR | C9: Mahatma | D9: KARYAWAN TETAP | E9: =VLOOKUP(LEFT(B9,2),G21:H24,2,FALSE) -> MANAGER | F9: =DATE(2018,2,23) -> 43154 | G9: =DATEDIF(F9,NOW(),"Y")&"TAHUN" -> 8TAHUN | H9: =VLOOKUP(LEFT(B9,2),A22:B24,2) -> 13000000 | I9: MB | J9: =VLOOKUP(RIGHT(I9,2),E22:F24,2,FALSE) -> 200000 | K9: =N22 -> 350000 | L9: =VLOOKUP(LEFT(B9,2),O22:P24,2,FALSE) -> 11000000 | M9: =VLOOKUP(LEFT(B9,2),C22:D24,2) -> 6500000 | N9: =VLOOKUP(LEFT(B9,2),Q22:R24,2) -> 6000000 | O9: =VLOOKUP(LEFT(B9,2),I22:J24,2,FALSE) -> 13000000 | P9: =10*T22 -> 5000000 | Q9: 500000 | R9: =(H9+M9+J9+N9+K9+P9+L9+Q9) -> 42550000 | S9: =R9*12 -> 510600000
A10: 2 | B10: MR | C10: Pratama | D10: KARYAWAN TETAP | E10: =VLOOKUP(LEFT(B10,2),G21:H24,2,FALSE) -> MANAGER | F10: =DATE(2018,6,5) -> 43256 | G10: =DATEDIF(F10,NOW(),"Y")&"TAHUN" -> 7TAHUN | H10: =VLOOKUP(LEFT(B10,2),A22:B24,2) -> 13000000 | I10: MB | J10: =VLOOKUP(RIGHT(I10,2),E22:F24,2,FALSE) -> 200000 | K10: =N22 -> 350000 | L10: =VLOOKUP(LEFT(B10,2),O22:P24,2,FALSE) -> 11000000 | M10: =VLOOKUP(LEFT(B10,2),C22:D24,2) -> 6500000 | N10: =VLOOKUP(LEFT(B10,2),Q22:R24,2) -> 6000000 | O10: =VLOOKUP(LEFT(B10,2),I22:J24,2,FALSE) -> 13000000 | P10: =10*T22 -> 5000000 | Q10: 500000 | R10: =(H10+M10+J10+N10+K10+P10+L10+Q10) -> 42550000 | S10: =R10*12 -> 510600000
A11: 3 | B11: MR | C11: Giandra | D11: KARYAWAN TETAP | E11: =VLOOKUP(LEFT(B11,2),G21:H24,2,FALSE) -> MANAGER | F11: =DATE(2021,12,15) -> 44545 | G11: =DATEDIF(F11,NOW(),"Y")&"TAHUN" -> 4TAHUN | H11: =VLOOKUP(LEFT(B11,2),A22:B24,2) -> 13000000 | I11: MB | J11: =VLOOKUP(RIGHT(I11,2),E22:F24,2,FALSE) -> 200000 | K11: =N22 -> 350000 | L11: =VLOOKUP(LEFT(B11,2),O22:P24,2,FALSE) -> 11000000 | M11: =VLOOKUP(LEFT(B11,2),C22:D24,2) -> 6500000 | N11: =VLOOKUP(LEFT(B11,2),Q22:R24,2) -> 6000000 | O11: =VLOOKUP(LEFT(B11,2),I22:J24,2,FALSE) -> 13000000 | P11: =10*T22 -> 5000000 | Q11: 500000 | R11: =(H11+M11+J11+N11+K11+P11+L11+Q11) -> 42550000 | S11: =R11*12 -> 510600000
A12: 4 | B12: SP | C12: Malik | D12: KARYAWAN TETAP | E12: =VLOOKUP(LEFT(B12,2),G21:H24,2,FALSE) -> SUPERVISOR | F12: =DATE(2022,5,12) -> 44693 | G12: =DATEDIF(F12,NOW(),"Y")&"TAHUN" -> 3TAHUN | H12: =VLOOKUP(LEFT(B12,2),A22:B24,2) -> 8000000 | I12: MT | J12: =VLOOKUP(RIGHT(I12,2),E22:F24,2,FALSE) -> 100000 | K12: =N23 -> 180000 | L12: =VLOOKUP(LEFT(B12,2),O22:P24,2,FALSE) -> 7600000 | M12: =VLOOKUP(LEFT(B12,2),C22:D24,2) -> 4000000 | N12: =VLOOKUP(LEFT(B12,2),Q22:R24,2) -> 4500000 | O12: =VLOOKUP(LEFT(B12,2),I22:J24,2,FALSE) -> 10500000 | P12: =10*T23 -> 4500000 | Q12: 450000 | R12: =(H12+M12+J12+N12+K12+P12+L12+Q12) -> 29330000 | S12: =R12*12 -> 351960000
A13: 5 | B13: SP | C13: Radiyan | D13: KARYAWAN TETAP | E13: =VLOOKUP(LEFT(B13,2),G21:H24,2,FALSE) -> SUPERVISOR | F13: =DATE(2018,1,17) -> 43117 | G13: =DATEDIF(F13,NOW(),"Y")&"TAHUN" -> 8TAHUN | H13: =VLOOKUP(LEFT(B13,2),A22:B24,2) -> 8000000 | I13: AU | J13: =VLOOKUP(RIGHT(I13,2),E22:F24,2,FALSE) -> 55000 | K13: =N23 -> 180000 | L13: =VLOOKUP(LEFT(B13,2),O22:P24,2,FALSE) -> 7600000 | M13: =VLOOKUP(LEFT(B13,2),C22:D24,2) -> 4000000 | N13: =VLOOKUP(LEFT(B13,2),Q22:R24,2) -> 4500000 | O13: =VLOOKUP(LEFT(B13,2),I22:J24,2,FALSE) -> 10500000 | P13: =10*T23 -> 4500000 | Q13: 400000 | R13: =(H13+M13+J13+N13+K13+P13+L13+Q13) -> 29235000 | S13: =R13*12 -> 350820000
A14: 6 | B14: SP | C14: Baskara | D14: KARYAWAN TETAP | E14: =VLOOKUP(LEFT(B14,2),G21:H24,2,FALSE) -> SUPERVISOR | F14: =DATE(2022,1,1) -> 44562 | G14: =DATEDIF(F14,NOW(),"Y")&"TAHUN" -> 4TAHUN | H14: =VLOOKUP(LEFT(B14,2),A22:B24,2) -> 8000000 | I14: AU | J14: =VLOOKUP(RIGHT(I14,2),E22:F24,2,FALSE) -> 55000 | K14: =N23 -> 180000 | L14: =VLOOKUP(RIGHT(B14,2),O22:P24,2,FALSE) -> 7600000 | M14: =VLOOKUP(LEFT(B14,2),C22:D24,2) -> 4000000 | N14: =VLOOKUP(LEFT(B14,2),Q22:R24,2) -> 4500000 | O14: =VLOOKUP(LEFT(B14,2),I22:J24,2,FALSE) -> 10500000 | P14: =10*T23 -> 4500000 | Q14: 450000 | R14: =(H14+M14+J14+N14+K14+P14+L14+Q14) -> 29285000 | S14: =R14*12 -> 351420000
A15: 7 | B15: SP | C15: Adhiyaksa | D15: KARYAWAN TETAP | E15: =VLOOKUP(LEFT(B15,2),G21:H24,2,FALSE) -> SUPERVISOR | F15: =DATE(2023,8,13) -> 45151 | G15: =DATEDIF(F15,NOW(),"Y")&"TAHUN" -> 2TAHUN | H15: =VLOOKUP(LEFT(B15,2),A22:B24,2) -> 8000000 | I15: MT | J15: =VLOOKUP(RIGHT(I15,2),E22:F24,2,FALSE) -> 100000 | K15: =N23 -> 180000 | L15: =VLOOKUP(LEFT(B15,2),O22:P24,2,FALSE) -> 7600000 | M15: =VLOOKUP(LEFT(B15,2),C22:D24,2) -> 4000000 | N15: =VLOOKUP(LEFT(B15,2),Q22:R24,2) -> 4500000 | O15: =VLOOKUP(LEFT(B15,2),I22:J24,2,FALSE) -> 10500000 | P15: =10*T23 -> 4500000 | Q15: 390000 | R15: =(H15+M15+J15+N15+K15+P15+L15+Q15) -> 29270000 | S15: =R15*12 -> 351240000
A16: 8 | B16: ST | C16: Mahendra | D16: KARYAWAN TETAP | E16: =VLOOKUP(LEFT(B16,2),G21:H24,2,FALSE) -> STAFF | F16: =DATE(2019,7,19) -> 43665 | G16: =DATEDIF(F16,NOW(),"Y")&"TAHUN" -> 6TAHUN | H16: =VLOOKUP(LEFT(B16,2),A22:B24,2) -> 73000000 | I16: MB | J16: =VLOOKUP(RIGHT(I16,2),E22:F24,2,FALSE) -> 200000 | K16: =N24 -> 400000 | L16: =VLOOKUP(RIGHT(B16,2),O22:P24,2,FALSE) -> 5500000 | M16: =VLOOKUP(LEFT(B16,2),C22:D24,2) -> 36500000 | N16: =VLOOKUP(LEFT(B16,2),Q22:R24,2) -> 7500000 | O16: =VLOOKUP(LEFT(B16,2),I22:J24,2,FALSE) -> 7300000 | P16: =10*T24 -> 3000000 | Q16: 390000 | R16: =(H16+M16+J16+N16+K16+P16+L16+Q16) -> 126490000 | S16: =R16*12 -> 1517880000
A17: 9 | B17: ST | C17: Diaskara | D17: KARYAWAN TETAP | E17: =VLOOKUP(LEFT(B17,2),G21:H24,2,FALSE) -> STAFF | F17: =DATE(2021,10,23) -> 44492 | G17: =DATEDIF(F17,NOW(),"Y")&"TAHUN" -> 4TAHUN | H17: =VLOOKUP(LEFT(B17,2),A22:B24,2) -> 73000000 | I17: MB | J17: =VLOOKUP(RIGHT(I17,2),E22:F24,2,FALSE) -> 200000 | K17: =N24 -> 400000 | L17: =VLOOKUP(RIGHT(B17,2),O22:P24,2,FALSE) -> 5500000 | M17: =VLOOKUP(LEFT(B17,2),C22:D24,2) -> 36500000 | N17: =VLOOKUP(LEFT(B17,2),Q22:R24,2) -> 7500000 | O17: =VLOOKUP(LEFT(B17,2),I22:J24,2,FALSE) -> 7300000 | P17: =10*T24 -> 3000000 | Q17: 390000 | R17: =(H17+M17+J17+N17+K17+P17+L17+Q17) -> 126490000 | S17: =R17*12 -> 1517880000
A18: 10 | B18: ST | C18: Azrakhar | D18: KARYAWAN TETAP | E18: =VLOOKUP(LEFT(B18,2),G21:H24,2,FALSE) -> STAFF | F18: =DATE(2023,2,28) -> 44985 | G18: =DATEDIF(F18,NOW(),"Y")&"TAHUN" -> 3TAHUN | H18: =VLOOKUP(LEFT(B18,2),A22:B24,2) -> 73000000 | I18: MB | J18: =VLOOKUP(RIGHT(I18,2),E22:F24,2,FALSE) -> 200000 | K18: =N24 -> 400000 | L18: =VLOOKUP(RIGHT(B18,2),O22:P24,2,FALSE) -> 5500000 | M18: =VLOOKUP(LEFT(B18,2),C22:D24,2) -> 36500000 | N18: =VLOOKUP(LEFT(B18,2),Q22:R24,2) -> 7500000 | O18: =VLOOKUP(LEFT(B18,2),I22:J24,2,FALSE) -> 7300000 | P18: =10*T24 -> 3000000 | Q18: 390000 | R18: =(H18+M18+J18+N18+K18+P18+L18+Q18) -> 126490000 | S18: =R18*12 -> 1517880000
A20: 20 | B20: 21 | C20: 22 | D20: 23 | E20: 24 | F20: 25 | G20: 26 | H20: 27 | I20: 28 | J20: 29 | K20: 30 | L20: 31 | M20: 32 | N20: 33 | O20: 34 | P20: 35 | Q20: 36 | R20: 37 | S20: 38 | T20: 39
A21: kode nomor | B21: GAJI POKOK | C21: KODE NOMOR | D21: TUNJANGAN JABATAN | E21: KODE NOMOR | F21: TUNJANGAN TRANSPORTASI | G21: KODE NOMOR | H21: JABATAN | I21: KODE NOMOR | J21: THR | K21: DENDA KETERLAMBATAN | M21: KODE NOMOR | N21: TUNJANGAN KONSUMSI | O21: KODE NOMOR | P21: BONUS | Q21: KODE NOMOR | R21: TUNJANGAN BPJS | S21: KODE NOMOR | T21: LEMBUR
A22: MR | B22: 13000000 | C22: MR | D22: =IF(C22="MR",B22*50%) -> 6500000 | E22: MB | F22: 200000 | G22: MR | H22: MANAGER | I22: MR | J22: 13000000 | L22: 65000 | M22: MR | N22: 350000 | O22: MR | P22: 11000000 | Q22: MR | R22: 6000000 | S22: MR | T22: 500000
A23: SP | B23: 8000000 | C23: SP | D23: =IF(C23="SP",B23*50%) -> 4000000 | E23: MT | F23: 100000 | G23: SP | H23: SUPERVISOR | I23: SP | J23: 10500000 | K23: 01.00.01 | L23: 65000 | M23: SP | N23: 180000 | O23: SP | P23: 7600000 | Q23: SP | R23: 4500000 | S23: SP | T23: 450000
A24: ST | B24: 73000000 | C24: ST | D24: =IF(C24="ST",B24*50%) -> 36500000 | E24: AU | F24: 55000 | G24: ST | H24: STAFF | I24: ST | J24: 7300000 | K24: 01.00.02 | L24: 65000 | M24: ST | N24: 400000 | O24: ST | P24: 5500000 | Q24: ST | R24: 7500000 | S24: ST | T24: 300000
A27: TABEL PENGELUARAN
A28: IURAN BPJS KESEHATAN | C28: IURAN BPJS KESEHATAN | D28: JUMLAH IURAN | E28: IURAN BPJS KETENAGAKERJAAN | F28: IURAN BPJS KETENAGAKERJAAN | G28: IURAN BPJS KETENAGAKERJAAN | H28: JUMLAH IURAN BPJS | J28: POTONGAN KETERLAMBATAN | K28: JUMLAH PENGELUARAN
A29: PERUSAHAAN 4% | C29: KARYAWAN 1% | D29: BPJS KESEHATAN | E29: JKM 0,10% | F29: KARYAWAN 2% | G29: JHT PERUSAHAAN 3,70% | H29: KETENAGAKERJAAN | J29: JAM 50.000
A30: =(H9+M9+J9+K9+P9+L9+Q9)*4% -> 1462000
A31: =(H9+M9+J9+K9+P9+L9+Q9)*4% -> 1462000
A32: =(H9+M9+J9+K9+P9+L9+Q9)*4% -> 1462000
A33: =(H12+M12+J12+K12+P12+L12+Q12)*4% -> 993200
A34: =(H13+M13+J13+K13+P13+L13+Q13)*4% -> 989400
A35: =(H14+M14+J14+K14+P14+L14+Q14)*4% -> 991400
A36: =(H15+M15+J15+K15+P15+L15+Q15)*4% -> 990800

Sheet SLIP GAJI
A1: SLIP GAJI | I1: NO URUT
I2: 3
A4: Head Office | F4: Periode | G4: OKTOBER 2024
A5: PT. HARI - HARI CERAH | F5: Karyawan | G5: =VLOOKUP('SLIP GAJI'!I2,'BASED DATA'!A9:S18,3) -> Giandra
A6: JL. TAUBAT | F6: Jabatan | G6: =VLOOKUP(I2,'BASED DATA'!A9:S18,5) -> MANAGER
A7: Bogor | F7: Status | G7: =VLOOKUP(I2,'BASED DATA'!A9:S18,4) -> KARYAWAN TETAP
F8: NPK | G8: =VLOOKUP('SLIP GAJI'!I2,'BASED DATA'!A9:S18,2) -> MR
A11: PENERIMAAN
A12: Gaji Pokok | G12: =VLOOKUP(I2,'BASED DATA'!A9:S18,8) -> 13000000
A13: Tunjangan Jabatan | G13: =VLOOKUP(I2,'BASED DATA'!A9:S18,13) -> 6500000
A14: Tunjangan Transportasi | G14: =VLOOKUP(I2,'BASED DATA'!A9:S18,10) -> 200000
A15: Tunjangan Makan | G15: =VLOOKUP(I2,'BASED DATA'!A9:S18,11) -> 350000
A16: Tunjangan BPJS | G16: =VLOOKUP(I2,'BASED DATA'!A9:S18,14) -> 6000000
A17: Lembur | G17: =VLOOKUP(I2,'BASED DATA'!A9:S18,16) -> 5000000
A18: Bonus/THR | G18: =VLOOKUP(I2,'BASED DATA'!A9:S18,12) -> 11000000
A19: Penerimaan Lainnya | G19: =VLOOKUP(I2,'BASED DATA'!A9:S18,17) -> 500000
A20: TOTAL PENGHASILAN BRUTO | G20: =SUM(G12:G19) -> 42550000
A22: PENGURANGAN
A23: Iuran BPJS Kesehatan
A24: Iuran BPJS Ketenagakerjaan
A25: Pajak
A26: Potongan Keterlambatan
A27: TOTAL PENGURANGAN
A29: TOTAL DITERIMA KARYAWAN
